Number,Name,Generation,Type_1,Type_2,HP_plus,Atk_plus,Def_plus,SpAtk_plus,SpDef_plus,Speed_plus
1,Bulbasaur,1,Grass,Poison,65,62,66,89,90,66
2,Ivysaur,1,Grass,Poison,87,78,85,110,111,88
3,Venusaur,1,Grass,Poison,116,104,112,137,139,118
4,Charmander,1,Fire,NULL,57,66,58,82,69,96
5,Charmeleon,1,Fire,NULL,84,81,78,110,90,118
6,Charizard,1,Fire,Flying,113,106,105,149,118,147
7,Squirtle,1,Water,NULL,64,61,88,68,89,63
8,Wartortle,1,Water,NULL,86,80,108,89,111,85
9,Blastoise,1,Water,NULL,114,105,135,116,146,115
10,Caterpie,1,Bug,NULL,65,38,47,27,28,66
11,Metapod,1,Bug,NULL,72,25,74,34,35,44
12,Butterfree,1,Bug,Flying,87,57,68,123,111,103
13,Weedle,1,Bug,Poison,58,44,41,27,28,74
14,Kakuna,1,Bug,Poison,65,32,68,34,35,51
15,Beedrill,1,Bug,Poison,94,114,54,62,111,110
16,Pidgey,1,Normal,Flying,58,57,54,48,49,82
17,Pidgeotto,1,Normal,Flying,91,76,74,68,69,104
18,Pidgeot,1,Normal,Flying,120,101,101,96,97,149
19,Rattata,1,Normal,NULL,43,71,47,34,49,106
20,Raticate,1,Normal,NULL,80,103,81,68,97,143
21,Spearow,1,Normal,Flying,58,76,41,42,43,103
22,Fearow,1,Normal,Flying,94,114,88,84,85,147
23,Ekans,1,Poison,NULL,51,76,59,55,75,81
24,Arbok,1,Poison,NULL,87,108,93,89,110,118
25,Pikachu,1,Electric,NULL,51,70,54,68,69,132
26,Raichu,1,Electric,NULL,87,114,74,123,111,162
27,Sandshrew,1,Ground,NULL,72,95,115,27,42,59
28,Sandslash,1,Ground,NULL,109,127,149,62,76,96
29,Nidoran♀,1,Poison,NULL,80,59,70,55,56,60
30,Nidorina,1,Poison,NULL,101,78,91,75,76,82
31,Nidoqueen,1,Poison,Ground,130,116,118,103,118,112
32,Nidoran♂,1,Poison,NULL,67,72,54,55,56,74
33,Nidorino,1,Poison,NULL,88,91,77,75,76,96
34,Nidoking,1,Poison,Ground,117,129,104,116,104,125
35,Clefairy,1,Fairy,NULL,101,57,65,82,90,51
36,Clefable,1,Fairy,NULL,138,89,99,130,125,88
37,Vulpix,1,Fire,NULL,55,52,54,68,90,96
38,Ninetales,1,Fire,NULL,106,96,101,111,139,147
39,Jigglypuff,1,Normal,Fairy,167,57,27,62,35,29
40,Wigglytuff,1,Normal,Fairy,203,89,61,116,69,66
41,Zubat,1,Poison,Flying,58,57,47,41,56,81
42,Golbat,1,Poison,Flying,109,101,95,89,104,132
43,Oddish,1,Grass,Poison,65,63,74,103,90,44
44,Gloom,1,Grass,Poison,87,82,95,116,104,59
45,Vileplume,1,Grass,Poison,109,101,115,151,125,74
46,Paras,1,Bug,Grass,51,89,74,62,76,37
47,Parasect,1,Bug,Grass,87,120,108,82,111,44
48,Venonat,1,Bug,Poison,87,70,68,55,76,66
49,Venomoth,1,Bug,Poison,101,82,81,123,104,132
50,Diglett,1,Ground,NULL,14,70,34,48,63,140
51,Dugtrio,1,Ground,NULL,51,101,68,68,97,176
52,Meowth,1,Normal,NULL,58,57,47,55,56,132
53,Persian,1,Normal,NULL,94,89,81,89,90,169
54,Psyduck,1,Water,NULL,72,66,65,89,69,81
55,Golduck,1,Water,NULL,116,104,105,130,111,125
56,Mankey,1,Fighting,NULL,58,101,47,48,63,103
57,Primeape,1,Fighting,NULL,94,133,81,82,97,140
58,Growlithe,1,Fire,NULL,80,89,61,96,69,88
59,Arcanine,1,Fire,NULL,130,139,108,137,111,140
60,Poliwag,1,Water,NULL,58,63,54,55,56,132
61,Poliwhirl,1,Water,NULL,94,82,88,68,69,132
62,Poliwrath,1,Water,Fighting,130,120,128,96,125,103
63,Abra,1,Psychic,NULL,36,25,20,144,76,132
64,Kadabra,1,Psychic,NULL,58,44,41,164,97,154
65,Alakazam,1,Psychic,NULL,80,63,61,185,132,176
66,Machop,1,Fighting,NULL,101,101,68,48,49,51
67,Machoke,1,Fighting,NULL,116,127,95,68,83,66
68,Machamp,1,Fighting,NULL,130,165,108,89,118,81
69,Bellsprout,1,Grass,Poison,72,95,47,96,42,59
70,Weepinbell,1,Grass,Poison,94,114,68,116,63,81
71,Victreebel,1,Grass,Poison,116,133,88,137,97,103
72,Tentacool,1,Water,Poison,58,51,47,68,139,103
73,Tentacruel,1,Water,Poison,116,89,88,110,167,147
74,Geodude,1,Rock,Ground,58,101,135,41,42,29
75,Graveler,1,Rock,Ground,80,120,155,62,63,51
76,Golem,1,Rock,Ground,116,152,176,75,90,66
77,Ponyta,1,Fire,NULL,72,108,74,89,90,132
78,Rapidash,1,Fire,NULL,94,127,95,110,111,154
79,Slowpoke,1,Water,Psychic,130,82,88,55,56,22
80,Slowbro,1,Water,Psychic,138,95,149,137,111,44
81,Magnemite,1,Electric,Steel,36,44,95,130,76,66
82,Magneton,1,Electric,Steel,72,76,128,164,97,103
83,Farfetch'd,1,Normal,Flying,75,82,74,79,86,88
84,Doduo,1,Normal,Flying,51,108,61,48,49,110
85,Dodrio,1,Normal,Flying,87,139,95,82,83,147
86,Seel,1,Water,NULL,94,57,74,62,97,66
87,Dewgong,1,Water,Ice,130,89,108,96,132,103
88,Grimer,1,Poison,NULL,116,101,68,55,69,37
89,Muk,1,Poison,NULL,152,133,101,89,139,74
90,Shellder,1,Water,NULL,43,82,135,62,35,59
91,Cloyster,1,Water,Ice,72,120,243,116,63,103
92,Gastly,1,Ghost,Poison,43,44,41,137,49,118
93,Haunter,1,Ghost,Poison,65,63,61,158,76,140
94,Gengar,1,Ghost,Poison,87,82,81,178,104,162
95,Onix,1,Rock,Ground,51,57,216,41,63,103
96,Drowzee,1,Psychic,NULL,87,61,61,59,125,62
97,Hypno,1,Psychic,NULL,123,92,95,100,160,99
98,Krabby,1,Water,NULL,43,133,122,34,35,74
99,Kingler,1,Water,NULL,80,165,155,68,69,110
100,Voltorb,1,Electric,NULL,58,38,68,75,76,147
101,Electrode,1,Electric,NULL,87,63,95,110,111,206
102,Exeggcute,1,Grass,Psychic,87,51,108,82,63,59
103,Exeggutor,1,Grass,Psychic,138,120,115,171,90,81
104,Cubone,1,Ground,NULL,72,63,128,55,69,51
105,Marowak,1,Ground,NULL,87,101,149,68,111,66
106,Hitmonlee,1,Fighting,NULL,72,152,72,48,153,128
107,Hitmonchan,1,Fighting,NULL,72,133,107,48,153,112
108,Lickitung,1,Normal,NULL,130,70,101,82,104,44
109,Koffing,1,Poison,NULL,58,82,128,82,63,51
110,Weezing,1,Poison,NULL,94,114,162,116,97,88
111,Rhyhorn,1,Ground,Rock,116,108,128,41,42,37
112,Rhydon,1,Ground,Rock,152,165,162,62,63,59
113,Chansey,1,Normal,NULL,362,6,7,48,146,74
114,Tangela,1,Grass,NULL,94,70,155,137,56,88
115,Kangaskhan,1,Normal,NULL,152,120,108,55,111,132
116,Horsea,1,Water,NULL,43,51,95,96,35,88
117,Seadra,1,Water,NULL,80,82,128,130,63,125
118,Goldeen,1,Water,NULL,65,85,81,48,69,93
119,Seaking,1,Water,NULL,116,116,88,89,111,100
120,Staryu,1,Water,NULL,43,57,74,96,76,125
121,Starmie,1,Water,Psychic,87,95,115,137,118,169
122,"Mr. Mime",1,Psychic,Fairy,58,57,88,137,167,132
123,Scyther,1,Bug,Flying,101,139,108,75,111,154
124,Jynx,1,Ice,Psychic,94,63,47,158,132,140
125,Electabuzz,1,Electric,NULL,94,105,77,130,118,154
126,Magmar,1,Fire,NULL,94,120,77,137,118,137
127,Pinsir,1,Bug,NULL,94,158,135,75,97,125
128,Tauros,1,Normal,NULL,109,127,128,55,97,162
129,Magikarp,1,Water,NULL,29,13,74,21,28,118
130,Gyarados,1,Water,Flying,138,158,107,82,139,119
131,Lapras,1,Water,Ice,188,108,108,116,132,88
132,Ditto,1,Normal,NULL,70,61,65,66,67,71
133,Eevee,1,Normal,NULL,80,70,68,62,90,81
134,Vaporeon,1,Water,NULL,188,82,81,151,132,96
135,Jolteon,1,Electric,NULL,94,82,81,151,132,191
136,Flareon,1,Fire,NULL,94,165,81,130,153,96
137,Porygon,1,Normal,NULL,94,76,95,116,104,59
138,Omanyte,1,Rock,Water,51,51,135,123,76,51
139,Omastar,1,Rock,Water,101,76,169,158,97,81
140,Kabuto,1,Rock,Water,43,101,122,75,63,81
141,Kabutops,1,Rock,Water,87,146,142,89,97,118
142,Aerodactyl,1,Rock,Flying,116,133,88,82,104,191
143,Snorlax,1,Normal,NULL,232,139,88,89,153,44
144,Articuno,1,Ice,Flying,130,108,135,130,174,125
145,Zapdos,1,Electric,Flying,130,114,115,171,125,147
146,Moltres,1,Fire,Flying,130,127,122,171,118,132
147,Dratini,1,Dragon,NULL,59,81,61,68,69,74
148,Dragonair,1,Dragon,NULL,88,106,88,96,97,103
149,Dragonite,1,Dragon,Flying,132,170,128,137,139,118
150,Mewtwo,1,Psychic,NULL,154,139,122,211,125,191
151,Mew,1,Psychic,NULL,145,127,135,137,139,147
152,Chikorita,2,Grass,NULL,65,62,88,67,90,66
153,Bayleef,2,Grass,NULL,87,78,108,86,111,88
155,Cyndaquil,2,Fire,NULL,57,66,58,82,69,96
156,Quilava,2,Fire,NULL,84,81,78,110,90,118
157,Typhlosion,2,Fire,NULL,113,106,105,149,118,147
158,Totodile,2,Water,NULL,72,82,86,60,67,63
159,Croconaw,2,Water,NULL,94,101,108,81,88,85
160,Feraligatr,2,Water,NULL,123,133,135,108,115,115
161,Sentret,2,Normal,NULL,51,58,46,48,63,29
162,Furret,2,Normal,NULL,123,96,86,62,76,132
163,Hoothoot,2,Normal,Flying,87,38,41,49,78,74
164,Noctowl,2,Normal,Flying,145,63,68,104,133,103
165,Ledyba,2,Bug,Flying,58,25,41,55,111,81
166,Ledian,2,Bug,Flying,80,44,68,75,153,125
167,Spinarak,2,Bug,Poison,58,76,54,55,56,44
168,Ariados,2,Bug,Poison,101,114,95,82,83,59
169,Crobat,2,Poison,Flying,123,114,108,96,111,191
170,Chinchou,2,Water,Electric,109,48,51,77,78,99
171,Lanturn,2,Water,Electric,181,73,78,104,106,99
172,Pichu,2,Electric,NULL,29,51,20,48,49,88
173,Cleffa,2,Fairy,NULL,72,32,38,62,76,22
174,Igglybuff,2,Normal,Fairy,130,38,20,55,28,22
175,Togepi,2,Fairy,NULL,51,25,88,55,90,29
176,Togetic,2,Fairy,Flying,80,51,115,110,146,59
177,Natu,2,Psychic,Flying,58,63,61,96,63,103
178,Xatu,2,Psychic,Flying,94,95,95,130,97,140
179,Mareep,2,Electric,NULL,80,51,54,89,63,51
180,Flaaffy,2,Electric,NULL,101,70,74,110,83,66
181,Ampharos,2,Electric,NULL,130,95,115,158,125,81
182,Bellossom,2,Grass,NULL,109,101,128,123,139,74
183,Marill,2,Water,Fairy,101,25,68,27,69,59
184,Azumarill,2,Water,Fairy,145,63,108,82,111,74
185,Sudowoodo,2,Rock,NULL,101,127,155,41,90,44
186,Politoed,2,Water,NULL,130,95,101,123,139,103
187,Hoppip,2,Grass,Flying,51,44,54,48,76,74
188,Skiploom,2,Grass,Flying,80,57,68,62,90,118
189,Jumpluff,2,Grass,Flying,109,70,95,75,132,162
190,Aipom,2,Normal,NULL,80,89,74,55,76,125
191,Sunkern,2,Grass,NULL,43,38,41,41,42,44
192,Sunflora,2,Grass,NULL,109,95,74,144,118,44
193,Yanma,2,Bug,Flying,94,82,61,103,63,140
194,Wooper,2,Water,Ground,80,57,61,34,35,22
195,Quagsire,2,Water,Ground,138,108,115,89,90,51
196,Espeon,2,Psychic,NULL,94,82,81,178,132,162
197,Umbreon,2,Dark,NULL,138,82,149,82,181,96
198,Murkrow,2,Dark,Flying,87,108,57,116,58,134
199,Slowking,2,Water,Psychic,138,95,108,137,153,44
200,Misdreavus,2,Ghost,NULL,87,76,81,116,118,125
201,Unown,2,Psychic,NULL,70,91,65,99,67,71
202,Wobbuffet,2,Psychic,NULL,275,42,78,45,81,49
203,Girafarig,2,Normal,Psychic,101,101,88,123,90,125
204,Pineco,2,Bug,NULL,72,82,122,48,49,22
205,Forretress,2,Bug,Steel,109,114,189,82,83,59
206,Dunsparce,2,Normal,NULL,145,89,95,89,90,66
207,Gligar,2,Ground,Flying,94,95,142,48,90,125
208,Steelix,2,Steel,Ground,109,108,270,75,90,44
209,Snubbull,2,Fairy,NULL,87,101,68,55,56,44
210,Granbull,2,Fairy,NULL,130,152,101,82,83,66
211,Qwilfish,2,Water,Poison,94,120,101,75,76,125
212,Scizor,2,Bug,Steel,101,165,135,75,111,96
213,Shuckle,2,Bug,Rock,29,13,311,14,319,7
214,Heracross,2,Bug,Fighting,116,158,101,55,132,125
215,Sneasel,2,Dark,Ice,80,120,74,48,104,169
216,Teddiursa,2,Normal,NULL,87,101,68,68,69,59
217,Ursaring,2,Normal,NULL,130,165,101,103,104,81
218,Slugma,2,Fire,NULL,58,51,54,96,56,29
219,Magcargo,2,Fire,Rock,72,63,162,110,111,44
220,Swinub,2,Ice,Ground,72,63,54,41,42,74
221,Piloswine,2,Ice,Ground,145,127,108,82,83,74
222,Corsola,2,Water,Rock,80,70,115,89,118,51
223,Remoraid,2,Water,NULL,51,82,47,89,49,96
224,Octillery,2,Water,NULL,109,133,101,144,104,66
225,Delibird,2,Ice,Flying,65,70,61,89,63,110
226,Mantine,2,Water,Flying,94,51,95,110,194,103
227,Skarmory,2,Steel,Flying,94,101,189,55,97,103
228,Houndour,2,Dark,Fire,65,76,41,110,69,96
229,Houndoom,2,Dark,Fire,109,114,68,151,111,140
230,Kingdra,2,Water,Dragon,109,120,128,130,132,125
231,Phanpy,2,Ground,NULL,130,76,81,55,56,59
232,Donphan,2,Ground,NULL,130,152,162,82,83,74
233,Porygon2,2,Normal,NULL,123,101,122,144,132,88
234,Stantler,2,Normal,NULL,106,120,84,116,90,125
235,Smeargle,2,Normal,NULL,80,25,47,27,63,110
236,Tyrogue,2,Fighting,NULL,51,44,47,48,49,51
237,Hitmontop,2,Fighting,NULL,72,120,128,48,153,103
238,Smoochum,2,Ice,Psychic,65,38,20,116,90,96
239,Elekid,2,Electric,NULL,65,80,50,89,76,140
240,Magby,2,Fire,NULL,65,95,50,96,76,122
241,Miltank,2,Normal,NULL,138,101,142,55,97,147
242,Blissey,2,Normal,NULL,370,13,14,103,188,81
243,Raikou,2,Electric,NULL,130,108,101,158,139,169
244,Entei,2,Fire,NULL,167,146,115,123,104,147
245,Suicune,2,Water,NULL,145,95,155,123,160,125
246,Larvitar,2,Rock,Ground,72,81,68,62,69,60
247,Pupitar,2,Rock,Ground,101,106,95,89,97,75
248,Tyranitar,2,Rock,Dark,145,170,149,130,139,90
249,Lugia,2,Psychic,Flying,154,114,176,123,214,162
250,Ho-oh,2,Fire,Flying,154,165,122,151,214,132
251,Celebi,2,Psychic,Grass,145,127,135,137,139,147
252,Treecko,3,Grass,NULL,58,57,47,89,76,103
253,Grovyle,3,Grass,NULL,72,82,61,116,90,140
254,Sceptile,3,Grass,NULL,101,108,88,144,118,176
255,Torchic,3,Fire,NULL,65,76,54,96,69,66
256,Combusken,3,Fire,Fighting,87,108,81,116,83,81
257,Blaziken,3,Fire,Fighting,116,152,95,151,97,118
258,Mudkip,3,Water,NULL,72,89,68,68,69,59
259,Marshtomp,3,Water,Ground,101,108,95,82,97,74
260,Swampert,3,Water,Ground,145,139,122,116,125,88
261,Poochyena,3,Dark,NULL,51,70,47,41,42,51
262,Mightyena,3,Dark,NULL,101,114,95,82,83,103
263,Zigzagoon,3,Normal,NULL,55,38,55,41,57,88
264,Linoone,3,Normal,NULL,113,89,82,68,85,147
265,Wurmple,3,Bug,NULL,65,57,47,27,42,29
266,Silcoon,3,Bug,NULL,72,44,74,34,35,22
267,Beautifly,3,Bug,Flying,87,89,68,137,69,96
268,Cascoon,3,Bug,NULL,72,44,74,34,35,22
269,Dustox,3,Bug,Poison,87,63,95,68,125,96
270,Lotad,3,Water,Grass,58,38,41,55,69,44
271,Lombre,3,Water,Grass,87,63,68,82,97,74
272,Ludicolo,3,Water,Grass,116,89,95,123,139,103
273,Seedot,3,Grass,NULL,58,51,68,41,42,44
274,Nuzleaf,3,Grass,Dark,101,89,54,82,56,88
275,Shiftry,3,Grass,Dark,130,127,81,123,83,118
276,Taillow,3,Normal,Flying,58,70,41,41,42,125
277,Swellow,3,Normal,Flying,87,108,81,68,69,184
278,Wingull,3,Water,Flying,58,38,41,75,42,125
279,Pelipper,3,Water,Flying,87,63,135,116,97,96
280,Ralts,3,Psychic,Fairy,41,32,34,62,49,59
281,Kirlia,3,Psychic,Fairy,55,44,47,89,76,74
282,Gardevoir,3,Psychic,Fairy,99,82,88,171,160,118
283,Surskit,3,Bug,Water,58,38,43,68,72,96
284,Masquerain,3,Bug,Flying,101,76,84,110,114,88
285,Shroomish,3,Grass,NULL,87,51,81,55,83,51
286,Breloom,3,Grass,Fighting,87,165,108,82,83,103
287,Slakoth,3,Normal,NULL,87,76,81,48,49,44
288,Vigoroth,3,Normal,NULL,116,101,108,75,76,132
289,Slaking,3,Normal,NULL,217,203,135,130,90,147
290,Nincada,3,Bug,Ground,45,57,122,41,42,59
291,Ninjask,3,Bug,Flying,88,114,61,68,69,235
292,Shedinja,3,Bug,Ghost,1,114,61,41,42,59
293,Whismur,3,Normal,NULL,93,65,31,70,32,41
294,Loudred,3,Normal,NULL,122,90,58,97,60,71
295,Exploud,3,Normal,NULL,151,115,85,125,101,100
296,Makuhita,3,Fighting,NULL,104,76,41,27,42,37
297,Hariyama,3,Fighting,NULL,209,152,81,55,83,74
298,Azurill,3,Normal,Fairy,72,25,54,27,56,29
299,Nosepass,3,Rock,NULL,43,57,182,62,125,44
300,Skitty,3,Normal,NULL,72,57,61,48,49,74
301,Delcatty,3,Normal,NULL,101,82,88,75,76,103
302,Sableye,3,Dark,Ghost,72,95,101,89,90,74
303,Mawile,3,Steel,Fairy,72,108,115,75,76,74
304,Aron,3,Steel,Rock,72,89,135,55,56,44
305,Lairon,3,Steel,Rock,87,114,189,68,69,59
306,Aggron,3,Steel,Rock,101,139,243,82,83,74
307,Meditite,3,Fighting,Psychic,43,51,74,55,76,88
308,Medicham,3,Fighting,Psychic,87,76,101,82,104,118
309,Electrike,3,Electric,NULL,58,57,54,89,56,96
310,Manectric,3,Electric,NULL,101,95,81,144,83,154
311,Plusle,3,Electric,NULL,87,63,54,116,104,140
312,Minun,3,Electric,NULL,87,51,68,103,118,140
313,Volbeat,3,Bug,NULL,94,92,74,64,104,125
314,Illumise,3,Bug,NULL,94,59,74,100,104,125
315,Roselia,3,Grass,Poison,72,76,61,137,111,96
316,Gulpin,3,Poison,NULL,101,54,72,59,74,59
317,Swalot,3,Poison,NULL,145,92,112,100,115,81
318,Carvanha,3,Water,Dark,65,114,27,89,28,96
319,Sharpedo,3,Water,Dark,101,152,54,130,56,140
320,Wailmer,3,Water,NULL,188,89,47,96,49,88
321,Wailord,3,Water,NULL,246,114,61,123,63,88
322,Numel,3,Fire,Ground,87,76,54,89,63,51
323,Camerupt,3,Fire,Ground,101,127,95,144,104,59
324,Torkoal,3,Fire,NULL,101,108,189,116,97,29
325,Spoink,3,Psychic,NULL,87,32,47,96,111,88
326,Grumpig,3,Psychic,NULL,116,57,88,123,153,118
327,Spinda,3,Normal,NULL,87,76,81,82,83,88
328,Trapinch,3,Ground,NULL,65,127,61,62,63,15
329,Vibrava,3,Ground,Dragon,72,89,68,68,69,103
330,Flygon,3,Ground,Dragon,116,127,108,110,111,147
331,Cacnea,3,Grass,NULL,72,108,54,116,56,51
332,Cacturne,3,Grass,Dark,101,146,81,158,83,81
333,Swablu,3,Normal,Flying,65,51,81,55,104,74
334,Altaria,3,Dragon,Flying,109,89,122,96,146,118
335,Zangoose,3,Normal,NULL,106,146,81,82,83,132
336,Seviper,3,Poison,NULL,106,127,81,137,83,96
337,Lunatone,3,Rock,Psychic,101,70,88,130,118,103
338,Solrock,3,Rock,Psychic,101,120,115,75,90,103
339,Barboach,3,Water,Ground,72,61,58,63,57,88
340,Whiscash,3,Water,Ground,159,99,99,104,99,88
341,Corphish,3,Water,NULL,62,101,88,68,49,51
342,Crawdaunt,3,Water,Dark,91,152,115,123,76,81
343,Baltoy,3,Ground,Psychic,58,51,74,55,97,81
344,Claydol,3,Ground,Psychic,87,89,142,96,167,110
345,Lileep,3,Rock,Grass,96,52,104,84,121,34
346,Cradily,3,Rock,Grass,125,103,131,111,149,63
347,Anorith,3,Rock,Bug,65,120,68,55,69,110
348,Armaldo,3,Rock,Bug,109,158,135,96,111,66
349,Feebas,3,Water,NULL,29,19,27,14,76,118
350,Milotic,3,Water,NULL,138,76,107,137,174,119
351,Castform,3,Normal,NULL,101,89,95,96,97,103
352,Kecleon,3,Normal,NULL,87,114,95,82,167,59
353,Shuppet,3,Ghost,NULL,64,95,47,86,46,66
354,Banette,3,Ghost,NULL,93,146,88,114,88,96
355,Duskull,3,Ghost,NULL,29,51,122,41,125,37
356,Dusclops,3,Ghost,NULL,58,89,176,82,181,37
357,Tropius,3,Grass,Flying,143,86,112,99,121,75
358,Chimecho,3,Psychic,NULL,94,63,95,130,111,96
359,Absol,3,Dark,NULL,94,165,81,103,83,110
360,Wynaut,3,Psychic,NULL,138,29,65,32,67,34
361,Snorunt,3,Ice,NULL,72,63,68,68,69,74
362,Glalie,3,Ice,NULL,116,101,108,110,111,118
363,Spheal,3,Ice,Water,101,51,68,75,69,37
364,Sealeo,3,Ice,Water,130,76,95,103,97,66
365,Walrein,3,Ice,Water,159,101,122,130,125,96
366,Clamperl,3,Water,NULL,51,81,115,101,76,47
367,Huntail,3,Water,NULL,80,132,142,129,104,76
368,Gorebyss,3,Water,NULL,80,106,142,156,104,76
369,Relicanth,3,Water,Rock,145,114,176,62,90,81
370,Luvdisc,3,Water,NULL,62,38,74,55,90,143
371,Bagon,3,Dragon,NULL,65,95,81,55,42,74
372,Shelgon,3,Dragon,NULL,94,120,135,82,69,74
373,Salamence,3,Dragon,Flying,138,171,108,151,111,147
374,Beldum,3,Steel,Psychic,58,70,108,48,83,44
375,Metang,3,Steel,Psychic,87,95,135,75,111,74
376,Metagross,3,Steel,Psychic,116,171,176,130,125,103
377,Regirock,3,Rock,NULL,116,127,270,68,139,74
378,Regice,3,Ice,NULL,116,63,135,137,278,74
379,Registeel,3,Steel,NULL,116,95,203,103,208,74
380,Latias,3,Dragon,Psychic,116,101,122,151,181,162
381,Latios,3,Dragon,Psychic,116,114,108,178,153,162
382,Kyogre,3,Water,NULL,145,127,122,205,194,132
382,"KyogrePrimal Kyogre",3,Water,NULL,145,190,122,247,222,132
383,Groudon,3,Ground,NULL,145,190,189,137,125,132
383,"GroudonPrimal Groudon",3,Ground,Fire,145,228,216,205,125,132
384,Rayquaza,3,Dragon,Flying,152,190,122,205,125,140
385,Jirachi,3,Steel,Psychic,145,127,135,137,139,147
386,"DeoxysAttack Forme",3,Psychic,NULL,72,228,27,247,28,221
386,"DeoxysDefense Forme",3,Psychic,NULL,72,89,216,96,222,132
386,"DeoxysNormal Forme",3,Psychic,NULL,72,190,68,205,69,221
386,"DeoxysSpeed Forme",3,Psychic,NULL,72,120,122,130,125,265
387,Turtwig,4,Grass,NULL,80,86,86,62,76,46
388,Grotle,4,Grass,NULL,109,113,115,75,90,53
389,Torterra,4,Grass,Ground,138,138,142,103,118,82
390,Chimchar,4,Fire,NULL,64,73,59,79,61,90
391,Monferno,4,Fire,Fighting,93,99,70,107,72,119
392,Infernape,4,Fire,Fighting,110,132,96,142,99,159
393,Piplup,4,Water,NULL,77,65,72,84,78,59
394,Prinplup,4,Water,NULL,93,84,92,111,106,74
395,Empoleon,4,Water,Steel,122,109,119,152,140,88
396,Starly,4,Normal,Flying,58,70,41,41,42,88
397,Staravia,4,Normal,Flying,80,95,68,55,56,118
398,Staraptor,4,Normal,Flying,123,152,95,68,83,147
399,Bidoof,4,Normal,NULL,86,57,54,48,56,46
400,Bibarel,4,Normal,Water,114,108,81,75,83,104
401,Kricketot,4,Bug,NULL,54,32,55,34,57,37
402,Kricketune,4,Bug,NULL,112,108,69,75,71,96
403,Shinx,4,Electric,NULL,65,82,46,55,47,66
404,Luxio,4,Electric,NULL,87,108,66,82,68,88
405,Luxray,4,Electric,NULL,116,152,107,130,110,103
406,Budew,4,Grass,Poison,58,38,47,68,97,81
407,Roserade,4,Grass,Poison,87,89,88,171,146,132
408,Cranidos,4,Rock,NULL,97,158,54,41,42,85
409,Rampardos,4,Rock,NULL,141,209,81,89,69,85
410,Shieldon,4,Rock,Steel,43,53,159,58,122,44
411,Bastiodon,4,Rock,Steel,87,66,227,64,192,44
412,Burmy,4,Bug,NULL,58,37,61,40,63,53
413,"WormadamPlant Cloak",4,Bug,Grass,87,75,115,108,146,53
413,"WormadamSandy Cloak",4,Bug,Ground,87,100,142,81,118,53
413,"WormadamTrash Cloak",4,Bug,Steel,87,87,128,95,132,53
414,Mothim,4,Bug,Flying,101,119,68,129,69,97
415,Combee,4,Bug,Flying,43,38,57,41,58,103
416,Vespiquen,4,Bug,Flying,101,101,138,110,142,59
417,Pachirisu,4,Electric,NULL,87,57,95,62,125,140
418,Buizel,4,Water,NULL,80,82,47,82,42,125
419,Floatzel,4,Water,NULL,123,133,74,116,69,169
420,Cherubi,4,Grass,NULL,65,44,61,85,74,51
421,Cherrim,4,Grass,NULL,101,76,95,119,108,125
422,Shellos,4,Water,NULL,110,61,65,78,86,50
423,Gastrodon,4,Water,Ground,161,105,92,126,114,57
424,Ambipom,4,Normal,NULL,109,127,89,82,92,169
425,Drifloon,4,Ghost,Flying,130,63,46,82,61,103
426,Drifblim,4,Ghost,Flying,217,101,59,123,75,118
427,Buneary,4,Normal,NULL,80,84,59,60,78,125
428,Lopunny,4,Normal,NULL,94,96,114,74,133,154
429,Mismagius,4,Ghost,NULL,87,76,81,144,146,154
430,Honchkrow,4,Dark,Flying,145,158,70,144,72,104
431,Glameow,4,Normal,NULL,71,70,57,58,51,125
432,Purugly,4,Normal,NULL,103,104,86,88,82,165
433,Chingling,4,Psychic,NULL,65,38,68,89,69,66
434,Stunky,4,Poison,Dark,91,80,64,56,57,109
435,Skuntank,4,Poison,Dark,149,118,91,97,85,124
436,Bronzor,4,Steel,Psychic,83,30,116,33,119,34
437,Bronzong,4,Steel,Psychic,97,113,157,108,161,49
438,Bonsly,4,Rock,NULL,72,101,128,14,63,15
439,"Mime Jr.",4,Psychic,Fairy,29,32,61,96,125,88
440,Happiny,4,Normal,NULL,145,6,7,21,90,44
441,Chatot,4,Normal,Flying,110,82,61,126,58,134
442,Spiritomb,4,Ghost,Dark,72,116,146,126,150,51
443,Gible,4,Dragon,Ground,84,89,61,55,63,62
444,Gabite,4,Dragon,Ground,99,114,88,68,76,121
445,Garchomp,4,Dragon,Ground,157,165,128,110,118,150
446,Munchlax,4,Normal,NULL,196,108,54,55,118,7
447,Riolu,4,Fighting,NULL,58,89,54,48,56,88
448,Lucario,4,Fighting,Steel,101,139,95,158,97,132
449,Hippopotas,4,Ground,NULL,99,91,105,52,58,47
450,Hippowdon,4,Ground,NULL,157,142,159,93,100,69
451,Skorupi,4,Poison,Bug,58,63,122,41,76,96
452,Drapion,4,Poison,Dark,101,114,149,82,104,140
453,Croagunk,4,Poison,Fighting,70,77,54,84,56,74
454,Toxicroak,4,Poison,Fighting,120,134,88,118,90,125
455,Carnivine,4,Grass,NULL,107,127,97,123,100,68
456,Finneon,4,Water,NULL,71,62,76,67,85,97
457,Lumineon,4,Water,NULL,100,87,103,95,119,134
458,Mantyke,4,Water,Flying,65,25,68,82,167,74
459,Snover,4,Grass,Ice,87,78,68,85,83,59
460,Abomasnow,4,Grass,Ice,130,116,101,126,118,88
461,Weavile,4,Dark,Ice,101,152,88,62,118,184
462,Magnezone,4,Electric,Steel,101,89,155,178,125,88
463,Lickilicky,4,Normal,NULL,159,108,128,110,132,74
464,Rhyperior,4,Ground,Rock,167,177,176,75,76,59
465,Tangrowth,4,Grass,NULL,145,127,169,151,69,74
466,Electivire,4,Electric,NULL,109,156,91,130,118,140
467,Magmortar,4,Fire,NULL,109,120,91,171,132,122
468,Togekiss,4,Fairy,Flying,123,63,128,164,160,118
470,Leafeon,4,Grass,NULL,94,139,176,82,90,140
471,Glaceon,4,Ice,NULL,94,76,149,178,132,96
472,Gliscor,4,Ground,Flying,109,120,169,62,104,140
473,Mamoswine,4,Ice,Ground,159,165,108,96,83,118
474,Porygon-Z,4,Normal,NULL,123,101,95,185,104,132
475,Gallade,4,Psychic,Fighting,99,158,88,89,160,118
476,Probopass,4,Rock,Steel,87,70,196,103,208,59
477,Dusknoir,4,Ghost,NULL,65,127,182,89,188,66
478,Froslass,4,Ice,Ghost,101,101,95,110,97,162
479,Rotom,4,Electric,Ghost,72,63,104,130,107,134
479,"RotomFan Rotom",4,Electric,Flying,72,82,145,144,149,126
479,"RotomFrost Rotom",4,Electric,Ice,72,82,145,144,149,126
479,"RotomHeat Rotom",4,Electric,Fire,72,82,145,144,149,126
479,"RotomMow Rotom",4,Electric,Grass,72,82,145,144,149,126
479,"RotomWash Rotom",4,Electric,Water,72,82,145,144,149,126
480,Uxie,4,Psychic,NULL,109,95,176,103,181,140
481,Mesprit,4,Psychic,NULL,116,133,142,144,146,118
482,Azelf,4,Psychic,NULL,109,158,95,171,97,169
483,Dialga,4,Steel,Dragon,145,152,162,205,139,132
484,Palkia,4,Water,Dragon,130,152,135,205,167,147
485,Heatran,4,Fire,Steel,132,114,143,178,147,113
486,Regigigas,4,Normal,NULL,159,203,149,110,153,147
487,"GiratinaAltered Forme",4,Ghost,Dragon,217,127,162,137,167,132
487,"GiratinaOrigin Forme",4,Ghost,Dragon,217,152,135,164,139,132
488,Cresselia,4,Psychic,NULL,174,89,162,103,181,125
489,Phione,4,Water,NULL,116,101,108,110,111,118
490,Manaphy,4,Water,NULL,145,127,135,137,139,147
491,Darkrai,4,Dark,NULL,101,114,122,185,125,184
492,"ShayminLand Forme",4,Grass,NULL,145,127,135,137,139,147
492,"ShayminSky Forme",4,Grass,Flying,145,130,101,164,104,187
493,Arceus,4,Normal,NULL,174,152,162,164,167,176
494,Victini,5,Psychic,Fire,145,127,135,137,139,147
495,Snivy,5,Grass,NULL,65,57,74,62,76,93
496,Servine,5,Grass,NULL,87,76,101,82,104,122
497,Serperior,5,Grass,NULL,109,95,128,103,132,166
498,Tepig,5,Fire,NULL,94,80,61,62,63,66
499,Pignite,5,Fire,Fighting,130,118,74,96,76,81
500,Emboar,5,Fire,Fighting,159,156,88,137,90,96
501,Oshawott,5,Water,NULL,80,70,61,86,63,66
502,Dewott,5,Water,NULL,109,95,81,114,83,88
503,Samurott,5,Water,NULL,138,127,115,148,97,103
504,Patrat,5,Normal,NULL,65,70,53,48,54,62
505,Watchog,5,Normal,NULL,87,108,93,82,96,113
506,Lillipup,5,Normal,NULL,65,76,61,34,63,81
507,Herdier,5,Normal,NULL,94,101,88,48,90,88
508,Stoutland,5,Normal,NULL,123,139,122,62,125,118
509,Purrloin,5,Dark,NULL,59,63,50,68,51,97
510,Liepard,5,Dark,NULL,93,111,68,121,69,156
511,Pansage,5,Grass,NULL,72,67,65,73,67,94
512,Simisage,5,Grass,NULL,109,124,85,134,88,149
513,Pansear,5,Fire,NULL,72,67,65,73,67,94
514,Simisear,5,Fire,NULL,109,124,85,134,88,149
515,Panpour,5,Water,NULL,72,67,65,73,67,94
516,Simipour,5,Water,NULL,109,124,85,134,88,149
517,Munna,5,Psychic,NULL,110,32,61,92,76,35
518,Musharna,5,Psychic,NULL,168,70,115,147,132,43
519,Pidove,5,Normal,Flying,72,70,68,49,42,63
520,Tranquill,5,Normal,Flying,90,97,84,68,58,96
521,Unfezant,5,Normal,Flying,116,146,108,89,76,137
522,Blitzle,5,Electric,NULL,65,76,43,68,44,112
523,Zebstrika,5,Electric,NULL,109,127,85,110,88,171
524,Roggenrola,5,Rock,NULL,80,95,115,34,35,22
525,Boldore,5,Rock,NULL,101,133,142,68,56,29
526,Gigalith,5,Rock,NULL,123,171,176,82,111,37
527,Woobat,5,Psychic,Flying,80,57,58,75,60,106
528,Swoobat,5,Psychic,Flying,97,72,74,105,76,168
529,Drilbur,5,Ground,NULL,87,108,54,41,63,100
530,Excadrill,5,Ground,Steel,159,171,81,68,90,129
531,Audino,5,Normal,NULL,149,76,116,82,119,74
532,Timburr,5,Fighting,NULL,109,101,74,34,49,51
533,Gurdurr,5,Fighting,NULL,123,133,115,55,69,59
534,Conkeldurr,5,Fighting,NULL,152,177,128,75,90,66
535,Tympole,5,Water,NULL,72,63,54,68,56,94
536,Palpitoad,5,Water,Ground,109,82,74,89,76,101
537,Seismitoad,5,Water,Ground,152,120,101,116,104,109
538,Throh,5,Fighting,NULL,174,127,115,41,118,66
539,Sawk,5,Fighting,NULL,109,158,101,41,104,125
540,Sewaddle,5,Bug,Grass,65,67,95,55,83,62
541,Swadloon,5,Bug,Grass,80,80,122,68,111,62
542,Leavanny,5,Bug,Grass,109,130,108,96,111,135
543,Venipede,5,Bug,Poison,43,57,80,41,54,84
544,Whirlipede,5,Bug,Poison,58,70,134,55,110,69
545,Scolipede,5,Bug,Poison,87,127,120,75,96,165
546,Cottonee,5,Grass,Fairy,58,34,81,51,69,97
547,Whimsicott,5,Grass,Fairy,87,85,115,105,104,171
548,Petilil,5,Grass,NULL,65,44,68,96,69,44
549,Lilligant,5,Grass,NULL,101,76,101,151,104,132
550,Basculin,5,Water,NULL,101,116,88,110,76,144
551,Sandile,5,Ground,Dark,72,91,47,48,49,96
552,Krokorok,5,Ground,Dark,87,104,61,62,63,109
553,Krookodile,5,Ground,Dark,138,148,108,89,97,135
554,Darumaka,5,Fire,NULL,101,114,61,21,63,74
555,"DarmanitanStandard Mode",5,Fire,NULL,152,177,74,41,76,140
555,"DarmanitanZen Mode",5,Fire,Psychic,152,38,142,192,146,81
556,Maractus,5,Grass,NULL,109,109,91,145,93,88
557,Dwebble,5,Bug,Rock,72,82,115,48,49,81
558,Crustle,5,Bug,Rock,101,120,169,89,104,66
559,Scraggy,5,Dark,Fighting,72,95,95,48,97,71
560,Scrafty,5,Dark,Fighting,94,114,155,62,160,85
561,Sigilyph,5,Psychic,Flying,104,73,108,141,111,143
562,Yamask,5,Ghost,NULL,55,38,115,75,90,44
563,Cofagrigus,5,Ghost,NULL,84,63,196,130,146,44
564,Tirtouga,5,Water,Rock,78,99,139,73,63,32
565,Carracosta,5,Water,Rock,107,137,180,114,90,47
566,Archen,5,Rock,Flying,80,142,61,101,63,103
567,Archeops,5,Rock,Flying,109,177,88,153,90,162
568,Trubbish,5,Poison,NULL,72,63,84,55,86,96
569,Garbodor,5,Poison,NULL,116,120,111,82,114,110
570,Zorua,5,Dark,NULL,58,82,54,110,56,96
571,Zoroark,5,Dark,NULL,87,133,81,164,83,154
572,Minccino,5,Normal,NULL,80,63,54,55,56,110
573,Cinccino,5,Normal,NULL,109,120,81,89,83,169
574,Gothita,5,Psychic,NULL,65,38,68,75,90,66
575,Gothorita,5,Psychic,NULL,87,57,95,103,118,81
576,Gothitelle,5,Psychic,NULL,101,70,128,130,153,96
577,Solosis,5,Psychic,NULL,65,38,54,144,69,29
578,Duosion,5,Psychic,NULL,94,51,68,171,83,44
579,Reuniclus,5,Psychic,NULL,159,82,101,171,118,44
580,Ducklett,5,Water,Flying,90,56,68,60,69,81
581,Swanna,5,Water,Flying,109,110,85,119,88,144
582,Vanillite,5,Ice,NULL,52,63,68,89,83,65
583,Vanillish,5,Ice,NULL,74,82,88,110,104,87
584,Vanilluxe,5,Ice,NULL,103,120,115,151,132,116
585,Deerling,5,Normal,Grass,87,76,68,55,69,110
586,Sawsbuck,5,Normal,Grass,116,127,95,82,97,140
587,Emolga,5,Electric,Flying,80,95,81,103,83,151
588,Karrablast,5,Bug,NULL,72,95,61,55,63,88
589,Escavalier,5,Bug,Steel,101,171,142,82,146,29
590,Foongus,5,Grass,Poison,100,70,61,75,76,22
591,Amoonguss,5,Grass,Poison,165,108,95,116,111,44
592,Frillish,5,Water,Ghost,80,51,68,89,118,59
593,Jellicent,5,Water,Ghost,145,76,95,116,146,88
594,Alomomola,5,Water,NULL,239,95,108,55,63,96
595,Joltik,5,Bug,Electric,72,59,68,78,69,96
596,Galvantula,5,Bug,Electric,101,97,81,133,83,159
597,Ferroseed,5,Grass,Steel,64,63,123,33,119,15
598,Ferrothorn,5,Grass,Steel,107,119,177,74,161,29
599,Klink,5,Steel,NULL,58,70,95,62,83,44
600,Klang,5,Steel,NULL,87,101,128,96,118,74
601,Klinklang,5,Steel,NULL,87,127,155,96,118,132
602,Tynamo,5,Electric,NULL,51,70,54,62,56,88
603,Eelektrik,5,Electric,NULL,94,108,95,103,97,59
604,Eelektross,5,Electric,NULL,123,146,108,144,111,74
605,Elgyem,5,Psychic,NULL,80,70,74,116,76,44
606,Beheeyem,5,Psychic,NULL,109,95,101,171,132,59
607,Litwick,5,Ghost,Fire,72,38,74,89,76,29
608,Lampent,5,Ghost,Fire,87,51,81,130,83,81
609,Chandelure,5,Ghost,Fire,87,70,122,199,125,118
610,Axew,5,Dragon,NULL,67,110,81,41,56,84
611,Fraxure,5,Dragon,NULL,96,148,95,55,69,99
612,Haxorus,5,Dragon,NULL,110,186,122,82,97,143
613,Cubchoo,5,Ice,NULL,80,89,54,82,56,59
614,Beartic,5,Ice,NULL,138,139,108,96,111,74
615,Cryogonal,5,Ice,NULL,101,63,41,130,188,154
616,Shelmet,5,Bug,NULL,72,51,115,55,90,37
617,Accelgor,5,Bug,NULL,116,89,54,137,83,213
618,Stunfisk,5,Ground,Electric,158,84,114,111,138,47
619,Mienfoo,5,Fighting,NULL,65,108,68,75,69,96
620,Mienshao,5,Fighting,NULL,94,158,81,130,83,154
621,Druddigon,5,Dragon,NULL,112,152,122,82,125,71
622,Golett,5,Ground,Ghost,86,94,68,48,69,51
623,Golurk,5,Ground,Ghost,129,157,108,75,111,81
624,Pawniard,5,Dark,Steel,65,108,95,55,56,88
625,Bisharp,5,Dark,Steel,94,158,135,82,97,103
626,Bouffalant,5,Normal,NULL,138,139,128,55,132,81
627,Rufflet,5,Normal,Flying,101,105,68,51,69,88
628,Braviary,5,Normal,Flying,145,156,101,78,104,118
629,Vullaby,5,Dark,Flying,101,70,101,62,90,88
630,Mandibuzz,5,Dark,Flying,159,82,142,75,132,118
631,Heatmor,5,Fire,NULL,123,123,89,144,92,96
632,Durant,5,Bug,Steel,84,138,151,66,67,160
633,Deino,5,Dark,Dragon,75,82,68,62,69,56
634,Zweilous,5,Dark,Dragon,104,108,95,89,97,85
635,Hydreigon,5,Dark,Dragon,133,133,122,171,125,144
636,Larvesta,5,Bug,Fire,80,108,74,68,76,88
637,Volcarona,5,Bug,Fire,123,76,88,185,146,147
638,Cobalion,5,Steel,Fighting,132,114,174,123,100,159
639,Terrakion,5,Rock,Fighting,132,163,122,99,125,159
640,Virizion,5,Grass,Fighting,132,114,97,123,179,159
641,"TornadusIncarnate Forme",5,Flying,NULL,114,146,95,171,111,163
641,"TornadusTherian Forme",5,Flying,NULL,114,127,108,151,125,178
642,"ThundurusIncarnate Forme",5,Electric,Flying,114,146,95,171,111,163
642,"ThundurusTherian Forme",5,Electric,Flying,114,133,95,199,111,149
643,Reshiram,5,Dragon,Fire,145,152,135,205,167,132
644,Zekrom,5,Dragon,Electric,145,190,162,164,139,132
645,"LandorusIncarnate Forme",5,Ground,Flying,129,158,122,158,111,149
645,"LandorusTherian Forme",5,Ground,Flying,129,184,122,144,111,134
646,Kyurem,5,Dragon,Ice,181,165,122,178,125,140
646,"KyuremBlack Kyurem",5,Dragon,Ice,181,215,135,164,125,140
646,"KyuremWhite Kyurem",5,Dragon,Ice,181,152,122,233,139,140
647,"KeldeoOrdinary Forme",5,Water,Fighting,132,91,122,177,125,159
647,"KeldeoResolute Forme",5,Water,Fighting,132,91,122,177,125,159
648,"MeloettaAria Forme",5,Normal,Psychic,145,97,104,175,178,132
648,"MeloettaPirouette Forme",5,Normal,Fighting,145,162,122,105,107,188
649,Genesect,5,Bug,Steel,103,152,128,164,132,146
650,Chespin,6,Grass,NULL,81,77,88,66,63,56
651,Quilladin,6,Grass,NULL,88,99,128,77,81,84
652,Chesnaught,6,Grass,Fighting,128,135,165,101,104,94
653,Fennekin,6,Fire,NULL,58,57,54,85,83,88
654,Braixen,6,Fire,NULL,86,75,78,123,97,107
655,Delphox,6,Fire,Psychic,109,87,97,156,139,153
656,Froakie,6,Water,NULL,59,71,54,85,61,104
657,Frogadier,6,Water,NULL,78,80,70,114,78,143
658,Greninja,6,Water,Dark,104,120,91,141,99,179
659,Bunnelby,6,Normal,NULL,55,46,51,44,50,84
660,Diggersby,6,Normal,Ground,123,71,104,68,107,115
661,Fletchling,6,Normal,Flying,65,63,58,55,53,91
662,Fletchinder,6,Fire,Flying,90,92,74,77,72,124
663,Talonflame,6,Fire,Flying,113,103,96,101,96,185
664,Scatterbug,6,Bug,NULL,55,44,54,37,35,51
665,Spewpa,6,Bug,NULL,65,28,81,37,42,43
666,Vivillon,6,Bug,Flying,116,66,68,123,69,131
667,Litleo,6,Fire,Normal,90,63,78,100,75,106
668,Pyroar,6,Fire,Normal,125,86,97,149,92,156
669,Flabébé,6,Fairy,NULL,64,48,53,84,110,62
670,Floette,6,Fairy,NULL,78,57,64,103,136,76
671,Florges,6,Fairy,NULL,113,82,92,153,214,110
672,Skiddo,6,Grass,NULL,96,82,65,85,79,76
673,Gogoat,6,Grass,NULL,178,127,84,133,113,100
674,Pancham,6,Fighting,NULL,97,104,84,63,67,63
675,Pangoro,6,Fighting,Dark,138,157,105,95,99,85
676,Furfrou,6,Normal,NULL,109,101,81,89,125,150
677,Espurr,6,Psychic,NULL,90,61,73,86,83,100
678,MeowsticFemale,6,Psychic,NULL,107,61,103,114,113,153
678,MeowsticMale,6,Psychic,NULL,107,61,103,114,113,153
679,Honedge,6,Steel,Ghost,65,101,135,48,51,41
680,Doublade,6,Steel,Ghost,86,139,203,62,68,51
681,"AegislashBlade Forme",6,Steel,Ghost,87,190,68,205,69,88
681,"AegislashShield Forme",6,Steel,Ghost,87,63,203,68,208,88
682,Spritzee,6,Fairy,NULL,113,66,81,86,90,34
683,Aromatisse,6,Fairy,NULL,146,91,97,136,124,43
684,Swirlix,6,Fairy,NULL,90,61,89,81,79,72
685,Slurpuff,6,Fairy,NULL,119,101,116,116,104,106
686,Inkay,6,Dark,Psychic,77,68,72,51,64,66
687,Malamar,6,Dark,Psychic,125,116,119,93,104,107
688,Binacle,6,Rock,Water,61,66,91,53,78,74
689,Barbaracle,6,Rock,Water,104,133,155,74,119,100
690,Skrelp,6,Poison,Water,72,76,81,82,83,44
691,Dragalge,6,Poison,Dragon,94,95,122,133,171,65
692,Clauncher,6,Water,NULL,72,67,84,79,88,65
693,Clawitzer,6,Water,NULL,103,92,119,164,124,87
694,Helioptile,6,Electric,Normal,64,48,45,84,60,103
695,Heliolisk,6,Electric,Normal,90,70,70,149,131,160
696,Tyrunt,6,Rock,Dragon,84,113,104,62,63,71
697,Tyrantrum,6,Rock,Dragon,119,153,161,95,82,104
698,Amaura,6,Rock,Ice,112,75,68,92,88,68
699,Aurorus,6,Rock,Ice,178,97,97,136,128,85
700,Sylveon,6,Fairy,NULL,138,82,88,151,181,88
701,Hawlucha,6,Fighting,Flying,113,116,101,101,88,174
702,Dedenne,6,Electric,Fairy,97,73,77,111,93,149
703,Carbink,6,Rock,Fairy,72,63,203,68,208,74
704,Goomy,6,Dragon,NULL,65,63,47,75,104,59
705,Sliggoo,6,Dragon,NULL,99,95,72,114,157,88
706,Goodra,6,Dragon,NULL,130,127,95,151,208,118
707,Klefki,6,Steel,Fairy,83,101,123,110,121,110
708,Phantump,6,Ghost,Grass,62,89,65,68,83,56
709,Trevenant,6,Ghost,Grass,123,139,103,89,114,82
710,"PumpkabooAverage Size",6,Ghost,Grass,71,84,95,60,76,75
710,"PumpkabooLarge Size",6,Ghost,Grass,78,84,95,60,76,68
710,"PumpkabooSmall Size",6,Ghost,Grass,64,84,95,60,76,82
710,"PumpkabooSuper Size",6,Ghost,Grass,86,84,95,60,76,60
711,"GourgeistAverage Size",6,Ghost,Grass,94,114,165,79,104,124
711,"GourgeistLarge Size",6,Ghost,Grass,109,120,165,79,104,101
711,"GourgeistSmall Size",6,Ghost,Grass,80,108,165,79,104,146
711,"GourgeistSuper Size",6,Ghost,Grass,123,127,165,79,104,79
712,Bergmite,6,Ice,NULL,80,87,115,44,49,41
713,Avalugg,6,Ice,NULL,138,148,249,60,64,41
714,Noibat,6,Flying,Dragon,58,38,47,62,56,81
715,Noivern,6,Flying,Dragon,123,89,108,133,111,181
716,Xerneas,6,Fairy,NULL,183,166,128,179,136,146
717,Yveltal,6,Dark,Flying,183,166,128,179,136,146
718,"Zygarde50% Forme",6,Dragon,Ground,157,127,164,111,132,140
719,Diancie,6,Rock,Fairy,72,127,203,137,208,74
720,"HoopaHoopa Confined",6,Psychic,Ghost,116,139,81,205,181,103
720,"HoopaHoopa Unbound",6,Psychic,Dark,116,203,81,233,181,118
721,Volcanion,6,Fire,Water,116,139,162,178,125,103
